<?xml version="1.0" encoding="UTF-8" standalone="yes"?>
<addon id="plugin.video.arya"
       name="Arya RO Player"
       version="1.0.3"
       provider-name="Arya RO">
  <requires>
    <import addon="xbmc.python" version="2.1.0"/>
  </requires>
  <extension point="xbmc.python.pluginsource"
            library="default.py">
        <provides>video</provides>
  </extension>
  <extension point="xbmc.addon.metadata">
    <summary lang="en">Arya Player</summary>
    <description lang="en">Check out videos from local TV stations around Romania</description>
    <disclaimer lang="en">Feel free to use this script.</disclaimer>
    <platform>all</platform>
    <language>en</language>
    <license>GNU GENERAL PUBLIC LICENSE. Version 2, June 1991</license>
    <forum></forum>
    <website>http://www.arya.ro/</website>
    <email></email>
    <source>https://github.com/arya-ro/aryaplayer</source>
  </extension>
</addon>
